0.81472,0.37961,0.42706,0.42096,0.86971,0.34966
0.90579,0.31907,0.95537,0.52549,1.3626,0.40311
0.12699,0.98605,0.72425,0.69431,0.38951,0.21167
0.91338,0.71818,0.58089,0.77435,1.0448,0.4676
0.63236,0.41318,0.54026,0.61281,0.94649,0.34291
0.09754,0.09863,0.70544,0.048818,0.20101,0.041467
0.2785,0.73456,0.0050289,0.45954,0.31659,0.19844
0.54688,0.63731,0.78252,0.72632,0.87928,0.34564
0.95751,0.073842,0.92686,0.24585,1.2224,0.34871
0.96489,0.12051,0.0082957,0.355,0.98249,0.37822
0.15761,0.9816,0.82463,0.64869,0.73992,0.20946
0.97059,0.4968,0.76734,0.42359,1.2623,0.39708
0.95717,0.022414,0.99714,0.1598,1.5276,0.3271
0.48538,0.053832,0.22765,0.28917,0.36171,0.21791
0.80028,0.14087,0.91954,0.25435,1.114,0.30367
0.14189,0.89347,0.642,0.62802,0.37901,0.19957
0.42176,0.46582,0.10532,0.4522,0.50645,0.23958
0.91574,0.56086,0.26816,0.728,0.88124,0.45672
0.79221,0.49446,0.76384,0.54952,0.89853,0.37504
0.95949,0.067785,0.80551,0.26012,1.1806,0.35288
0.65574,0.89765,0.10425,0.68909,0.63974,0.36899
0.035712,0.28857,0.46976,0.26343,0.050824,0.076572
0.84913,0.26905,0.21906,0.1864,0.82807,0.30134
0.93399,0.59419,0.92271,0.52005,1.1781,0.41021
0.67874,0.47588,0.32032,0.56691,0.82146,0.34535
0.75774,0.36831,0.85754,0.48457,1.1096,0.34847
0.74313,0.65561,0.25985,0.50391,0.79339,0.34892
0.39223,0.9382,0.87806,0.78973,0.73743,0.3151
0.65548,0.62043,0.18827,0.63271,0.71911,0.35482
0.17119,0.28284,0.75919,0.1167,0.40095,0.08053
0.70605,0.20518,0.031689,0.30886,0.49757,0.28903
0.031833,0.43913,0.64234,0.46678,0.36618,0.12624
0.27692,0.02725,0.56687,0.038409,0.44916,0.092679
0.046171,0.87618,0.37641,0.47259,0.08103,0.132
0.097132,0.61009,0.21255,0.45502,0.38745,0.14289
0.82346,0.20359,0.79216,0.28829,1.0674,0.31911
0.69483,0.51992,0.14544,0.49138,0.61001,0.33129
0.3171,0.053824,0.48914,0.15689,0.32078,0.13435
0.95022,0.86219,0.012846,0.81836,1.1252,0.48966
0.034446,0.44293,0.18661,0.27166,-0.056366,0.07825
0.43874,0.54801,0.48523,0.37916,0.54563,0.22641
0.38156,0.56686,0.83823,0.39883,0.71672,0.21417
0.76552,0.68039,0.14106,0.5517,0.82357,0.36758
0.7952,0.37138,0.73222,0.39082,1.0576,0.33627
0.18687,0.078229,0.69107,0.27597,0.30792,0.12505
0.48976,0.45635,0.034493,0.44753,0.50684,0.25881
0.44559,0.047844,0.48886,0.088995,0.56071,0.15592
0.64631,0.73826,0.97139,0.65081,0.91075,0.3566
0.70936,0.038002,0.11245,0.22772,0.52289,0.26974
0.75469,0.95424,0.74321,0.86517,1.051,0.4427
0.27603,0.74237,0.63854,0.60569,0.55733,0.23423
0.6797,0.93745,0.59418,0.91645,1.017,0.43302
0.6551,0.51336,0.49862,0.47847,0.73414,0.31615
0.16261,0.2409,0.56785,0.23998,0.43444,0.10878
0.119,0.25997,0.4265,0.14466,0.31858,0.071865
0.49836,0.75897,0.076239,0.4548,0.59819,0.26321
0.95974,0.99334,0.29059,0.85822,1.5234,0.50248
0.34039,0.35671,0.56134,0.46945,0.45534,0.21948
0.58527,0.75286,0.63333,0.6228,0.95741,0.33128
0.22381,0.11005,0.93078,0.23297,0.56647,0.12539
0.75127,0.59705,0.97777,0.65399,1.0325,0.38888
0.2551,0.4306,0.093597,0.29685,0.48367,0.15074
0.50596,0.73072,0.66173,0.81471,0.68155,0.35547
0.69908,0.26118,0.60277,0.43971,0.86543,0.31965
0.8909,0.094808,0.47382,0.37745,1.1746,0.36163
0.95929,0.45096,0.35626,0.45551,1.115,0.40167
0.54722,0.64007,0.47558,0.50735,0.75672,0.291
0.13862,0.13204,0.67102,0.18909,0.30768,0.088859
0.14929,0.45282,0.95965,0.46522,0.58319,0.16109
0.25751,0.6522,0.089084,0.50523,0.53477,0.20356
0.84072,0.827,0.79774,0.94373,1.186,0.48815
0.25428,0.30808,0.59078,0.26028,0.39072,0.14136
0.81428,0.40236,0.9122,0.54898,1.1339,0.38153
0.24352,0.88423,0.10113,0.6625,0.36278,0.23868
0.92926,0.70058,0.29329,0.81811,1.0446,0.48331
0.34998,0.24187,0.051588,0.21926,0.42464,0.15981
0.1966,0.75983,0.50413,0.5627,0.42254,0.19965
0.25108,0.29093,0.76838,0.10977,0.4281,0.10277
0.61604,0.27744,0.28299,0.37289,0.82867,0.27804
0.47329,0.0061078,0.22536,0.13145,0.40665,0.17485
0.35166,0.37471,0.33129,0.39553,0.3906,0.20438
0.83083,0.43693,0.45325,0.53864,0.9592,0.38391
0.58526,0.3043,0.73738,0.28631,0.65306,0.24716
0.54972,0.29086,0.50989,0.40162,0.56973,0.26532
0.91719,0.24252,0.38251,0.65523,0.85812,0.43896
0.28584,0.93668,0.90548,0.64426,0.52284,0.24682
0.7572,0.86019,0.96526,0.86746,1.4912,0.44402
0.75373,0.39723,0.62827,0.40077,0.87014,0.32631
0.38045,0.47942,0.13203,0.33027,0.51739,0.1967
0.56782,0.565,0.6183,0.41387,0.7863,0.27381
0.075854,0.48962,0.38302,0.40944,0.083068,0.12512
0.05395,0.26981,0.99119,0.20028,0.45746,0.066256
0.5308,0.98974,0.28683,0.89309,0.8001,0.38251
0.77917,0.18368,0.70619,0.30069,0.87112,0.30892
0.93401,0.86166,0.53521,0.70189,1.3169,0.45568
0.12991,0.032633,0.19321,0.034832,0.26474,0.04768
0.56882,0.33196,0.68944,0.36056,0.77125,0.26079
0.46939,0.74875,0.050455,0.68774,0.64397,0.31275
0.011902,0.64437,0.18443,0.3201,-0.01331,0.083596
0.33712,0.16924,0.045658,0.01505,0.40087,0.1049
0.16218,0.95221,0.88504,0.73393,0.64401,0.23214
0.79428,0.54327,0.83979,0.49034,1.2963,0.36087
0.31122,0.25141,0.11816,0.19969,0.23373,0.14329
0.52853,0.57857,0.41041,0.5806,0.86401,0.30371
0.16565,0.91548,0.12023,0.66577,0.34106,0.21614
0.60198,0.8956,0.57209,0.77599,0.93787,0.37459
0.26297,0.48251,0.94939,0.51228,0.81502,0.20696
0.65408,0.44274,0.25639,0.57117,0.82987,0.33902
0.68921,0.31175,0.98987,0.38466,1.013,0.30293
0.74815,0.055314,0.34981,0.17148,0.70619,0.26732
0.45054,0.75379,0.20852,0.50583,0.49009,0.26162
0.083821,0.13195,0.66583,0.14226,0.37211,0.06071
0.22898,0.35592,0.97334,0.53058,0.6197,0.20134
0.91334,0.39587,0.6227,0.60223,1.0553,0.42456
0.15238,0.88552,0.063538,0.66274,0.31907,0.2114
0.82582,0.02124,0.37351,0.11111,0.98529,0.27552
0.53834,0.84408,0.16625,0.58597,0.676,0.308
0.99613,0.28807,0.23128,0.39192,1.0651,0.39682
0.078176,0.25034,0.052209,-0.18444,-0.13974,-0.022658
0.44268,0.48838,0.90176,0.48451,0.74889,0.25393
0.10665,0.72904,0.79329,0.64676,0.35802,0.19369
0.9619,0.20262,0.37301,0.38931,0.96185,0.3859
0.0046342,0.21628,0.83205,0.11552,0.21472,0.03027
0.77491,0.97633,0.75383,0.99292,1.1507,0.4807
0.8173,0.59324,0.62186,0.56495,0.99324,0.38643
0.86869,0.3044,0.39409,0.36623,1.0151,0.35217
0.084436,0.9677,0.35928,0.77174,0.46697,0.21827
0.39978,0.89597,0.088852,0.70976,0.40999,0.29737
0.25987,0.19003,0.34168,0.13074,0.48907,0.11065
0.80007,0.0017993,0.54867,0.28707,1.0488,0.31179
0.43141,0.71176,0.46055,0.54378,0.62694,0.26537
0.91065,0.86773,0.64545,0.96669,1.3859,0.51487
0.18185,0.11831,0.51352,0.062972,0.31461,0.070297
0.2638,0.039023,0.81443,0.033091,0.4274,0.087414
0.14554,0.59819,0.097183,0.38029,0.33367,0.13873
0.13607,0.60431,0.46371,0.48058,0.51837,0.16096
0.86929,0.51643,0.58982,0.69901,0.98436,0.43554
0.5797,0.0075074,0.18717,0.1866,0.49358,0.22056
0.54986,0.68893,0.61133,0.68315,0.90811,0.33574
0.14495,0.94602,0.051942,0.80507,0.32263,0.24475
0.85303,0.87354,0.57573,0.79443,1.0018,0.45452
0.62206,0.11328,0.84234,0.3274,1.0321,0.26847
0.35095,0.35457,0.49973,0.3164,0.46058,0.18438
0.51325,0.24194,0.43902,0.50282,0.52253,0.27968
0.40181,0.56033,0.14906,0.50751,0.41533,0.24742
0.075967,0.61273,0.028279,0.3811,0.10161,0.11806
0.23992,0.30081,0.75667,0.27457,0.58078,0.14062
0.12332,0.79814,0.79611,0.50028,0.38867,0.16206
0.18391,0.79564,0.29356,0.4346,0.39191,0.16382
0.23995,0.78109,0.11521,0.62611,0.46772,0.22851
0.41727,0.3511,0.37509,0.36635,0.41221,0.21677
0.049654,0.054297,0.82889,0.11474,0.35851,0.04358
0.90272,0.7087,0.84178,0.6231,1.1213,0.42659
0.94479,0.99293,0.66524,0.83088,1.3887,0.49116
0.49086,0.16248,0.96014,0.18412,0.75267,0.19329
0.48925,0.11357,0.94312,0.098967,0.92826,0.17152
0.33772,0.91288,0.1127,0.97432,0.55282,0.3449
0.90005,0.48166,0.64829,0.58969,1.0734,0.41744
0.36925,0.85181,0.4808,0.60623,0.45884,0.26233
0.1112,0.80991,0.066521,0.62097,0.37732,0.1886
0.78025,0.18676,0.89777,0.44501,1.1249,0.34533
0.38974,0.2472,0.49723,0.33329,0.66859,0.20024
0.24169,0.054189,0.7713,0.18894,0.4811,0.11974
0.40391,0.60896,0.060362,0.56315,0.3017,0.26196
0.096455,0.77723,0.26246,0.40192,0.41383,0.12942
0.13197,0.51106,0.65107,0.30453,0.32463,0.11572
0.94205,0.02775,0.1336,0.36037,1.0418,0.37271
0.95613,0.99039,0.63855,0.89269,1.2432,0.51001
0.57521,0.50094,0.38494,0.51036,0.74585,0.30015
0.05978,0.332,0.7657,0.2962,0.39984,0.091983
0.23478,0.17388,0.65292,0.074793,0.51266,0.089132
0.35316,0.62564,0.38149,0.53273,0.53956,0.23913
0.82119,0.57513,0.30002,0.55291,0.91927,0.38459
0.015403,0.75099,0.34014,0.3671,0.18892,0.096397
0.043024,0.15352,0.91893,0.15447,0.41574,0.051525
0.16899,0.35679,0.45627,0.20045,0.20388,0.10081
0.64912,0.14395,0.4425,0.20988,0.78662,0.24721
0.73172,0.85061,0.45419,0.62742,0.8525,0.37637
0.64775,0.33787,0.94528,0.33139,0.83746,0.27717
0.45092,0.2752,0.21912,0.34382,0.50193,0.22123
0.54701,0.006011,0.8824,0.29799,0.87824,0.2386
0.29632,0.80191,0.019875,0.50623,0.44717,0.21545
0.74469,0.49741,0.34176,0.55894,1.0182,0.36314
0.18896,0.53784,0.76603,0.46531,0.60482,0.17301
0.68678,0.87091,0.3428,0.86831,1.0719,0.42311
0.18351,0.72284,0.61881,0.6634,0.46322,0.2209
0.36848,0.66809,0.45302,0.43583,0.63071,0.2195
0.62562,0.17883,0.010163,0.28414,0.57294,0.25872
0.78023,0.5505,0.59908,0.69246,0.9613,0.40718
0.081126,0.95988,0.60157,0.72751,0.23537,0.20621
0.92939,0.59602,0.64942,0.77764,1.1761,0.47323
0.77571,0.80857,0.34272,0.86541,1.0462,0.44907
0.48679,0.98453,0.4933,1.0256,0.67217,0.40243
0.43586,0.88592,0.70177,0.44939,0.76758,0.24311
0.44678,0.21384,0.8878,0.22392,0.6988,0.19002
0.30635,0.03463,0.055058,0.066272,0.22696,0.10847
0.50851,0.45112,0.098362,0.29153,0.64332,0.22543
0.51077,0.013795,0.64978,0.08495,0.68642,0.17447
0.81763,0.47371,0.76407,0.66875,1.17,0.41248
0.79483,0.9512,0.98796,0.85145,1.4059,0.45131
0.64432,0.24895,0.12532,0.42643,0.75658,0.2999
0.37861,0.38642,0.36448,0.52091,0.23589,0.24381
0.81158,0.43143,0.67623,0.46724,0.92951,0.36028
0.53283,0.83089,0.37576,0.65725,0.71019,0.32416
0.35073,0.82465,0.86346,0.51673,0.81975,0.2344
0.939,0.453,0.29198,0.51506,1.129,0.41047
0.87594,0.38056,0.13347,0.4063,0.84807,0.36436
0.55016,0.92587,0.67265,0.7452,0.84209,0.35135
0.62248,0.74084,0.20258,0.63683,0.72015,0.34595
0.58704,0.73763,0.86852,0.57552,1.0671,0.31999
0.20774,0.94692,0.75116,0.58137,0.62341,0.20767
0.30125,0.5101,0.41938,0.38441,0.53621,0.18648
0.47092,0.79188,0.00023107,0.65767,0.51914,0.30569
0.23049,0.45217,0.14946,0.27553,0.32143,0.13803
0.84431,0.8492,0.27383,0.82376,1.0572,0.45923
0.19476,0.39043,0.87243,0.29977,0.3653,0.13337
0.22592,0.73838,0.60125,0.53251,0.5092,0.2009
0.17071,0.97644,0.32119,0.79783,0.57663,0.25067
0.22766,0.5233,0.28429,0.64338,0.19498,0.22914
0.4357,0.42992,0.43532,0.48603,0.48476,0.25222
0.3111,0.20716,0.90376,0.28291,0.54472,0.16406
0.92338,0.3234,0.92511,0.45123,1.3995,0.38982
0.43021,0.11087,0.50529,0.19592,0.47914,0.17804
0.18482,0.37521,0.62758,0.35949,0.44565,0.14532
0.90488,0.3299,0.71926,0.39526,0.96911,0.37028
0.97975,0.34211,0.023913,0.32831,0.82113,0.376
0.43887,0.81712,0.57493,0.70827,0.80436,0.30873
0.11112,0.53169,0.046534,0.31914,0.22785,0.11312
0.25806,0.52112,0.42253,0.45825,0.4118,0.19198
0.40872,0.77431,0.46773,0.54566,0.71285,0.25903
0.5949,0.12026,0.022628,0.10516,0.60475,0.20476
0.26221,0.62545,0.065074,0.35052,0.35613,0.16629
0.60284,0.34665,0.92396,0.41454,0.88087,0.28449
0.71122,0.33462,0.53414,0.6008,0.84868,0.36356
0.22175,0.57462,0.3668,0.46622,0.23157,0.18308
0.11742,0.86394,0.36395,0.66588,0.23061,0.2017
0.29668,0.19856,0.15137,0.22357,0.266,0.1449
0.31878,0.67245,0.14961,0.55997,0.43204,0.23563
0.42417,0.90183,0.3508,0.95583,0.79634,0.36621
0.50786,0.19916,0.33597,0.18426,0.59869,0.19842
0.085516,0.29828,0.78403,0.20832,0.3898,0.077736
0.26248,0.49652,0.48674,0.33588,0.46088,0.16272
0.80101,0.8899,0.4648,0.87679,1.1662,0.4595
0.02922,0.50141,0.13125,0.37379,0.14444,0.10221
0.92885,0.277,0.88639,0.38784,1.2648,0.37562
0.73033,0.53396,0.67456,0.61988,0.92606,0.37407
0.48861,0.57425,0.83516,0.41207,0.89328,0.2496
0.57853,0.4128,0.65649,0.43728,0.61665,0.28288
0.23728,0.014764,0.98392,0.089404,0.62874,0.093536
0.45885,0.70276,0.97979,0.74998,1.0359,0.32515
0.96309,0.50675,0.25015,0.63922,1.0167,0.44873
0.54681,0.38127,0.62457,0.39927,0.7896,0.26386
0.52114,0.064932,0.72824,0.040263,0.75136,0.16641
0.23159,0.35858,0.49817,0.15464,0.41508,0.10814
0.4889,0.23425,0.84983,0.34058,0.73941,0.23181
0.62406,0.2035,0.19092,0.22438,0.81405,0.24331
0.67914,0.81378,0.12414,0.69903,0.85741,0.3785
0.39552,0.39343,0.0027904,0.27947,0.44058,0.18852
0.36744,0.053575,0.15295,0.14645,0.25831,0.14684
0.98798,0.37505,0.53416,0.52482,1.1109,0.4276
0.037739,0.77499,0.51063,0.7109,0.1176,0.18905
0.88517,0.1653,0.38522,0.51548,0.92113,0.39442
0.91329,0.91222,0.3106,0.95479,0.99539,0.51268
0.79618,0.31921,0.0035554,0.5245,0.81017,0.36998
0.098712,0.32978,0.81524,0.13196,0.40153,0.062604
0.26187,0.20424,0.63842,0.33193,0.38479,0.16154
0.33536,0.76721,0.44834,0.51139,0.69677,0.22845
0.67973,0.069973,0.24409,0.057569,0.84143,0.21831
0.13655,0.95003,0.80339,0.99679,0.71663,0.29016
0.72123,0.15821,0.82397,0.31976,1.0569,0.29631
0.10676,0.28645,0.85219,0.15518,0.49166,0.070824
0.65376,0.68713,0.46725,0.63148,0.76979,0.354
0.49417,0.14115,0.9707,0.22643,0.88824,0.20486
0.77905,0.51209,0.84124,0.33598,1.0023,0.31771
0.71504,0.72133,0.078548,0.59771,0.84555,0.36394
0.90372,0.92885,0.2376,0.91048,1.2131,0.49874
0.89092,0.7321,0.81757,0.72412,1.1554,0.44831
0.33416,0.74985,0.40583,0.42715,0.49161,0.20704
0.69875,0.40732,0.46631,0.40251,0.6723,0.31025
0.19781,0.23949,0.95154,0.1973,0.63208,0.10867
0.030541,0.52085,0.96501,0.36995,0.58038,0.10165
0.74407,0.21908,0.76528,0.16711,1.1023,0.265
0.50002,0.84239,0.57453,0.72336,0.67141,0.33085
0.47992,0.66293,0.91593,0.72368,0.83248,0.3249
0.90472,0.81624,0.49543,0.62195,1.1259,0.4269
0.60987,0.79388,0.16601,0.73618,0.70743,0.36701
0.61767,0.46911,0.326,0.60777,0.65143,0.33724
0.85944,0.30952,0.29644,0.46337,0.6613,0.37368
0.80549,0.68758,0.5583,0.72783,1.0884,0.4236
0.57672,0.98685,0.067477,0.76774,0.74988,0.36495
0.18292,0.76993,0.068978,0.55077,0.37272,0.19257
0.23993,0.82958,0.16678,0.50963,0.41515,0.19939
0.88651,0.70608,0.94744,0.68962,1.0474,0.43836
0.028674,0.59534,0.81109,0.35674,0.33257,0.097786
0.4899,0.75287,0.71046,0.56863,0.88377,0.28913
0.16793,0.49672,0.97025,0.52448,0.69834,0.1815
0.97868,0.86513,0.99843,0.82125,1.4954,0.49892
0.71269,0.068028,0.98745,0.28743,1.1557,0.28566
0.50047,0.96855,0.15009,0.82126,0.7209,0.35546
0.47109,0.098756,0.95848,0.083438,0.9327,0.16219
0.059619,0.54698,0.53046,0.19786,0.42837,0.067351
0.68197,0.40297,0.074087,0.30114,0.6255,0.27988
0.042431,0.10704,0.31182,0.11099,0.29361,0.040477
0.071445,0.72417,0.89517,0.48017,0.51831,0.14148
0.52165,0.61368,0.83477,0.62367,0.7958,0.31241
0.09673,0.78297,0.0023488,0.51861,0.13831,0.15867
0.81815,0.56662,0.64021,0.45761,1.0581,0.35985
0.81755,0.81132,0.80318,0.76572,1.221,0.43669
0.72244,0.57678,0.24513,0.68292,0.8541,0.38746
0.14987,0.94403,0.064122,0.70595,0.41245,0.22145
0.65961,0.87145,0.26315,0.73889,0.87535,0.3826
0.51859,0.5076,0.10272,0.43272,0.4719,0.26376
0.97297,0.78882,0.48372,0.90646,1.122,0.51851
0.64899,0.47303,0.41888,0.57534,0.68804,0.33853
0.80033,0.8288,0.38129,0.7207,0.93682,0.42027
0.4538,0.32248,0.88677,0.1981,0.82465,0.18566
0.43239,0.97615,0.42056,0.68052,0.72778,0.29985
0.82531,0.27821,0.28385,0.42884,0.85027,0.35481
0.08347,0.072831,0.048181,-0.038866,-0.014424,0.015324
0.13317,0.75122,0.21917,0.50543,0.23267,0.16631
0.17339,0.83119,0.23918,0.59631,0.39415,0.20109
0.39094,0.92234,0.029258,0.65895,0.54846,0.28202
0.83138,0.32702,0.70231,0.36777,1.1941,0.34136
0.80336,0.80407,0.0076356,0.72498,0.85085,0.42225
0.060471,0.53825,0.61092,0.32604,0.29712,0.099652
0.39926,0.46329,0.40809,0.28063,0.62394,0.18993
0.52688,0.82075,0.24895,0.76349,0.60037,0.34893
0.4168,0.95191,0.65246,0.65954,0.7627,0.28993
0.65686,0.076273,0.32028,0.31958,0.57758,0.27695
0.62797,0.70867,0.10367,0.60455,0.63961,0.33953
0.29198,0.23493,0.53556,0.20196,0.27303,0.13808
0.43165,0.3989,0.16487,0.50872,0.38087,0.25668
0.015487,0.26812,0.88344,0.21231,0.37881,0.057722
0.98406,0.83251,0.66646,0.7719,1.2763,0.48819
0.16717,0.99537,0.84774,0.63595,0.71109,0.20914
0.10622,0.64975,0.76266,0.41666,0.52609,0.13603
0.37241,0.70395,0.80701,0.61178,0.76828,0.26467
0.19812,0.9323,0.63295,0.76821,0.60976,0.25149
0.48969,0.68765,0.71043,0.59483,0.86164,0.29561
0.33949,0.56835,0.68866,0.42206,0.82953,0.20736
0.95163,0.38085,0.32095,0.53043,1.0976,0.4181
0.92033,0.63458,0.53165,0.72872,0.96473,0.45828
0.052677,0.36323,0.87319,0.218,0.41363,0.070303
0.73786,0.40762,0.05454,0.60596,0.83902,0.37285
0.26912,0.3687,0.5004,0.28157,0.49073,0.15113
0.42284,0.4684,0.43276,0.51405,0.62334,0.25536
0.54787,0.50341,0.90428,0.57612,0.87646,0.30839
0.94274,0.91054,0.63018,0.86051,1.2702,0.49795
0.41774,0.20643,0.98304,0.23634,0.84733,0.18441
0.98305,0.3386,0.5852,0.56321,1.1645,0.43572
0.30145,0.57413,0.84064,0.2854,0.85295,0.16179
0.7011,0.48693,0.46881,0.50976,0.67598,0.33777
0.66634,0.26222,0.54522,0.35181,0.88457,0.28785
0.53913,0.57959,0.1791,0.56546,0.73779,0.3031
0.69811,0.87833,0.63446,0.6833,0.95435,0.38026
0.66653,0.06095,0.96296,0.067061,1.0878,0.21672
0.17813,0.44088,0.53401,0.080491,0.32217,0.073563
0.12801,0.084258,0.47961,0.14381,0.1181,0.074357
0.99908,0.56324,0.79367,0.74057,1.3246,0.48487
0.17112,0.53931,0.092714,0.36508,0.39954,0.14261
0.032601,0.76806,0.8808,0.76836,0.42099,0.20187
0.5612,0.23309,0.0038735,0.2347,0.63482,0.22704
0.88187,0.58736,0.51153,0.48874,0.9434,0.38675
0.66918,0.45897,0.67846,0.46483,0.80327,0.31696
0.19043,0.86098,0.56575,0.64365,0.34281,0.21804
0.36892,0.66084,0.47846,0.60983,0.40436,0.26313
0.46073,0.35388,0.32051,0.36792,0.43261,0.2302
0.98164,0.34719,0.60158,0.40513,1.0605,0.39577
0.1564,0.25372,0.91315,0.059327,0.45861,0.061753
0.85552,0.95253,0.68252,0.80293,1.059,0.45739
0.64476,0.2982,0.94673,0.22759,0.97039,0.25033
0.37627,0.15841,0.099089,0.27414,0.30773,0.18142
0.19092,0.3613,0.51103,0.28305,0.24212,0.12804
0.42825,0.74163,0.11013,0.42607,0.51142,0.23499
0.48202,0.7059,0.54526,0.63708,0.81778,0.30388
0.12061,0.70089,0.68879,0.41452,0.40815,0.13981
0.58951,0.0062258,0.14742,0.28665,0.64031,0.24851
0.22619,0.37435,0.77756,0.31632,0.6546,0.14694
0.38462,0.9015,0.39905,0.7321,0.67931,0.29841
0.58299,0.31834,0.8983,0.28348,0.93897,0.24577
0.25181,0.59708,0.30704,0.52127,0.46942,0.20586
0.29044,0.2978,0.061051,0.2816,0.53266,0.15753
0.61709,0.12501,0.21947,0.2609,0.58779,0.25035
0.26528,0.38836,0.082833,0.29837,0.38303,0.15418
0.82438,0.81769,0.9504,0.82646,1.238,0.45393
0.98266,0.98118,0.016371,0.66894,1.0505,0.46204
0.73025,0.86199,0.11467,0.78528,0.81637,0.4154
0.34388,0.083821,0.01241,0.24779,0.33797,0.16511
0.58407,0.33771,0.21623,0.35659,0.42941,0.26437
0.10777,0.23613,0.011428,0.24532,-0.040887,0.093662
0.90631,0.31781,0.64245,0.38314,1.0859,0.36768
0.87965,0.98445,0.51699,0.90661,1.2404,0.49055
0.81776,0.54825,0.24554,0.51885,0.98054,0.37504
0.26073,0.74925,0.19375,0.68918,0.43175,0.25051
0.59436,0.84185,0.090871,0.76804,0.72142,0.37032
0.022513,0.16689,0.36844,0.25671,0.13538,0.07093
0.42526,0.9031,0.0077929,0.71625,0.83769,0.30664
0.31272,0.10512,0.6027,0.14373,0.65791,0.12975
0.16148,0.74509,0.47885,0.57836,0.3583,0.19304
0.17877,0.72937,0.30812,0.6855,0.46458,0.22501
0.42289,0.71747,0.74444,0.35459,0.68546,0.21551
0.094229,0.13343,0.83935,-0.053364,0.41467,0.014928
0.59852,0.44579,0.26243,0.57944,0.68026,0.32442
0.47092,0.50879,0.51424,0.65306,0.7048,0.30454
0.69595,0.53049,0.44677,0.51424,0.71058,0.33735
0.69989,0.85972,0.34121,0.89496,0.95671,0.43371
0.63853,0.67772,0.83914,0.8375,1.0289,0.40094
0.033604,0.80584,0.98249,0.57534,0.58247,0.15392
0.068806,0.53124,0.62646,0.33289,0.17937,0.10387
0.3196,0.9559,0.18128,0.68219,0.47613,0.26643
0.53086,0.066677,0.12302,0.15244,0.38339,0.19737
0.65445,0.54152,0.57997,0.61171,0.77425,0.34926
0.40762,0.28166,0.32854,0.27637,0.36967,0.19138
0.81998,0.4809,0.26819,0.73574,0.86004,0.42993
0.71836,0.68486,0.55024,0.61133,0.9502,0.36834
0.96865,0.20826,0.18052,0.31219,1.0752,0.36864
0.53133,0.60816,0.67849,0.60083,0.68254,0.30961
0.32515,0.32618,0.055688,0.32662,0.37703,0.1792
0.10563,0.88085,0.034057,0.67164,0.36992,0.1996
0.61096,0.13339,0.28652,0.03406,0.74349,0.1918
0.7788,0.10241,0.07739,0.24934,0.62385,0.29598
0.42345,0.95912,0.90057,0.57471,1.005,0.27071
0.090823,0.1529,0.84661,0.14521,0.36532,0.06355
0.26647,0.15254,0.3957,0.24684,0.4719,0.14165
0.15366,0.15555,0.16922,0.26215,0.26288,0.11163
0.28101,0.089569,0.43045,0.20646,0.32184,0.13592
0.44009,0.45442,0.41622,0.46744,0.57762,0.24888
0.52714,0.6689,0.72876,0.66418,0.88015,0.32419
0.45742,0.8313,0.40647,0.67398,0.41561,0.30572
0.87537,0.79024,0.95181,0.75235,1.3012,0.4507
0.51805,0.71271,0.91199,0.7162,0.91279,0.33447
0.94362,0.4726,0.95141,0.666,1.2359,0.44959
0.63771,0.70859,0.346,0.59418,0.56278,0.33986
0.95769,0.95806,0.29024,0.71118,1.259,0.4651
0.24071,0.50578,0.8867,0.17457,0.54499,0.11586
0.67612,0.30505,0.21003,0.21421,0.82959,0.25639
0.28906,0.78981,0.13088,0.50933,0.32485,0.21405
0.67181,0.23639,0.52052,0.37341,0.88667,0.29489
0.69514,0.2343,0.90546,0.25553,1.1044,0.27242
0.067993,0.4647,0.40253,0.32446,0.23198,0.10151
0.25479,0.61939,0.21576,0.52182,0.24634,0.20689
0.22404,0.61533,0.078739,0.33581,0.28441,0.15117
0.66783,0.12262,0.93306,0.16532,0.97209,0.24168
0.84439,0.12379,0.60287,0.22034,0.89685,0.3084
0.34446,0.28446,0.37749,0.19937,0.37314,0.15318
0.78052,0.73573,0.66493,0.6515,0.90352,0.39703
0.67533,0.41131,0.79219,0.52724,0.94445,0.33441
0.0067153,0.82898,0.33349,0.51464,0.1689,0.13067
0.60217,0.93511,0.69266,0.85585,0.88583,0.39461
0.38677,0.39907,0.20382,0.40209,0.49897,0.21655
0.91599,0.052211,0.95871,0.28369,1.1793,0.34572
0.0011511,0.57119,0.71183,0.4862,0.24427,0.12189
0.46245,0.74767,0.16691,0.83804,0.63789,0.34825
0.42435,0.32024,0.44278,0.47059,0.5446,0.24495
0.46092,0.49293,0.63299,0.29202,0.43005,0.21128
0.77016,0.22165,0.92997,0.39625,1.0487,0.33011
0.32247,0.93927,0.52933,0.59464,0.57039,0.2454
0.78474,0.48231,0.62647,0.32307,0.93292,0.31619
0.47136,0.54,0.68082,0.36397,0.57979,0.2324
0.035763,0.22106,0.9232,-0.058932,0.38214,-0.0040041
0.17587,0.095945,0.15283,-0.0039163,0.1703,0.051783
0.72176,0.060165,0.40572,0.35678,0.91629,0.30572
0.47349,0.81951,0.31248,0.62799,0.65808,0.29904
0.15272,0.77148,0.6939,0.83086,0.5349,0.25353
0.34112,0.1957,0.89069,0.25744,0.65307,0.1667
0.60739,0.89512,0.49067,0.86093,0.68139,0.39745
0.19175,0.6843,0.80582,0.49866,0.39781,0.18219
0.73843,0.65685,0.32644,0.6033,0.7922,0.37235
0.24285,0.99038,0.54988,0.65583,0.51659,0.23681
0.91742,0.033692,0.38878,0.26835,1.0357,0.34231
0.26906,0.42425,0.89683,0.20746,0.54334,0.13258
0.7655,0.48998,0.67612,0.43956,0.93349,0.33954
0.18866,0.5835,0.8284,0.33703,0.55684,0.14086
0.2875,0.08327,0.11009,0.14533,0.23753,0.12258
0.091113,0.66015,0.27923,0.62327,0.086619,0.18315
0.57621,0.052305,0.76764,0.39537,0.75706,0.27171
0.68336,0.55683,0.21606,0.37392,0.69602,0.29849
0.54659,0.71203,0.034062,0.6555,0.71757,0.32785
0.42573,0.48791,0.43655,0.3728,0.57177,0.22092
0.64444,0.6176,0.93686,0.47293,1.1264,0.31157
0.64762,0.21378,0.26209,0.31761,0.63826,0.27369
0.67902,0.64566,0.56975,0.56162,1.1039,0.34411
0.63579,0.38064,0.35955,0.4229,0.72739,0.29646
0.94517,0.10371,0.026839,0.38367,0.85563,0.37947
0.20893,0.37751,0.50042,0.21539,0.20525,0.11653
0.70928,0.26286,0.82701,0.34079,1.0065,0.29798
0.23623,0.24129,0.25898,0.053096,0.23404,0.084143
0.1194,0.62292,0.045885,0.41511,0.062656,0.1396
0.6073,0.52293,0.24647,0.6063,0.63931,0.33377
0.45014,0.41324,0.66073,0.21897,0.49612,0.18978
0.45873,0.21779,0.32941,0.30187,0.57986,0.21308
0.66194,0.85855,0.6595,0.6141,1.1777,0.35211
0.77029,0.86101,0.013004,0.79996,0.99264,0.43107
0.35022,0.28394,0.71807,0.2356,0.54027,0.16397
0.66201,0.61539,0.39112,0.55612,0.93491,0.33763
0.41616,0.77949,0.033505,0.4737,0.56723,0.24327
0.84193,0.95485,0.40602,0.76867,0.86832,0.44475
0.83292,0.9196,0.71631,0.81426,1.1928,0.45344
0.25644,0.38482,0.92134,0.33295,0.63347,0.16017
0.61346,0.16264,0.98402,0.24483,1.0623,0.24525
0.58225,0.79675,0.98342,0.62323,1.0796,0.33048
0.54074,0.11382,0.89631,0.34544,0.98205,0.24858
0.86994,0.15882,0.8657,0.30604,1.0419,0.33749
0.26478,0.35583,0.80096,0.23057,0.79264,0.13708
0.31807,0.84776,0.55498,0.58013,0.72023,0.24045
0.11921,0.58278,0.41887,0.41853,0.23265,0.1404
0.93983,0.58618,0.12712,0.72646,1.0438,0.46356
0.64555,0.92584,0.65462,0.7485,0.90113,0.38079
0.47946,0.57508,0.86396,0.59808,0.7511,0.29336
0.63932,0.0099774,0.2746,0.18927,0.67711,0.23911
0.54472,0.80938,0.84016,0.63022,1.0567,0.32097
0.64731,0.60881,0.070755,0.4941,0.81603,0.31772
0.54389,0.47991,0.37879,0.48005,0.86049,0.28318
0.72105,0.26844,0.26817,0.35247,0.73164,0.30443
0.5225,0.2581,0.15292,0.21563,0.52287,0.21066
0.9937,0.48101,0.631,0.49608,0.92581,0.42213
0.21868,0.22734,0.31637,0.26317,0.2382,0.1314
0.1058,0.048602,0.95911,0.11167,0.48884,0.059656
0.1097,0.16924,0.49867,0.11137,0.21867,0.060751
0.063591,0.25845,0.73861,0.27425,0.2304,0.087641
0.40458,0.19791,0.012756,0.20073,0.28374,0.17156
0.44837,0.60569,0.60535,0.51241,0.62723,0.26262
0.36582,0.8237,0.57645,0.77505,0.85449,0.30351
0.7635,0.81061,0.80738,0.6881,1.0628,0.40108
0.6279,0.80224,0.65497,0.4982,0.92847,0.31292
0.77198,0.70811,0.87823,0.54562,1.065,0.368
0.93285,0.85938,0.90237,0.84668,1.5227,0.49152
0.97274,0.78108,0.15223,0.75274,1.1827,0.48001
0.19203,0.2038,0.19258,0.46172,0.2312,0.17304
0.13887,0.99334,0.79098,0.56868,0.58172,0.18383
0.69627,0.093625,0.060705,0.21334,0.84738,0.26222
0.09382,0.65062,0.38983,0.4699,0.29704,0.14562
0.5254,0.21518,0.29997,0.14029,0.5703,0.19269
0.53034,0.24387,0.73418,0.40634,0.77151,0.26069
0.86114,0.33969,0.10421,0.52067,1.0425,0.38851
0.48485,0.19786,0.79258,0.41005,0.79344,0.24797
0.39346,0.50683,0.78273,0.51176,0.71678,0.24598
0.67143,0.95076,0.5324,0.45936,1.0225,0.31627
0.74126,0.39461,0.25335,0.35694,0.78822,0.31161
0.52005,0.58446,0.070955,0.55863,0.49166,0.29567
0.34771,0.60654,0.6258,0.41787,0.6147,0.20878
0.15,0.71464,0.024681,0.55179,0.090154,0.18295
0.58609,0.40154,0.062042,0.41294,0.55046,0.27906
0.26215,0.85869,0.12961,0.5947,0.52213,0.22732
0.044454,0.92048,0.45061,0.64385,0.22568,0.1743
0.75493,0.75084,0.67234,0.7506,1.0755,0.41413
0.24279,0.28559,0.85611,0.36921,0.53074,0.16514
0.4424,0.79682,0.49845,0.56304,0.69651,0.27348
0.6878,0.14277,0.048785,0.21185,0.73518,0.2593
0.35923,0.50455,0.31383,0.36084,0.39945,0.19798
0.73634,0.61069,0.64163,0.68414,0.76315,0.39194
0.39471,0.7038,0.78639,0.73452,0.84325,0.30204
0.68342,0.38334,0.28915,0.5371,0.69046,0.3393
0.70405,0.72868,0.49787,0.80562,0.93787,0.41262
0.44231,0.88728,0.81843,0.73886,0.96465,0.31741
0.019578,0.055848,0.59513,-0.037299,0.053632,-0.0034515
0.33086,0.13822,0.53642,0.24468,0.5754,0.16043
0.42431,0.86306,0.33087,0.8656,0.69119,0.34369
0.27027,0.42175,0.41169,0.40496,0.38588,0.18232
0.19705,0.41131,0.79401,0.42188,0.44719,0.16459
0.82172,0.95914,0.34321,0.7033,1.1733,0.42234
0.42992,0.75025,0.46261,0.67475,0.67268,0.29766
0.88777,0.981,0.36782,0.87363,1.1876,0.48474
0.39118,0.23352,0.67957,0.31192,0.8561,0.19533
0.76911,0.096227,0.56778,0.38539,0.95538,0.32708
0.39679,0.38458,0.65178,0.29677,0.71395,0.19323
0.80851,0.50027,0.49111,0.69291,0.94998,0.41578
0.75508,0.57026,0.39846,0.4822,1.0638,0.34707
0.3774,0.97663,0.47748,0.76254,0.64984,0.30385
0.21602,0.49286,0.066588,0.41984,0.16687,0.16977
0.79041,0.40088,0.41103,0.57688,0.88846,0.38134
0.9493,0.99499,0.96909,0.8816,1.3514,0.50519
0.32757,0.261,0.78072,0.16578,0.71076,0.13972
0.67126,0.66532,0.72902,0.7619,0.85397,0.39185
0.43864,0.96426,0.76565,0.80162,0.88726,0.332
0.8335,0.67115,0.75658,0.47339,1.244,0.3684
0.76885,0.29917,0.84327,0.42764,1.1195,0.33757
0.16725,0.53113,0.77016,0.23292,0.49828,0.10841
0.86198,0.0014632,0.97866,0.29558,1.1586,0.33249
0.98987,0.88379,0.11136,0.98716,1.1455,0.54375
0.51442,0.40438,0.39608,0.38531,0.70292,0.25065
0.88428,0.30121,0.49206,0.33505,0.92292,0.34905
0.58803,0.95058,0.25809,0.91609,0.67182,0.40543
0.15475,0.46065,0.036966,0.30086,0.12787,0.12164
0.19986,0.28765,0.97438,0.16372,0.68162,0.10089
0.40695,0.084627,0.72643,0.033108,0.59201,0.13036
0.74871,0.58218,0.14796,0.43629,0.84754,0.33369
0.82558,0.15307,0.14789,0.33806,0.66454,0.33219
0.78996,0.073094,0.70482,0.21402,0.91248,0.29049
0.31852,0.58056,0.38099,0.55326,0.37405,0.23387
0.53406,0.28701,0.076411,0.32302,0.42628,0.24097
0.089951,0.36192,0.41084,0.24762,0.30106,0.088891
0.11171,0.72482,0.14299,0.34866,0.32895,0.12068
0.13629,0.85831,0.79892,0.54018,0.38222,0.17593
0.67865,0.34792,0.93025,0.41669,1.074,0.30777
0.49518,0.96175,0.0047195,0.73497,0.58362,0.33229
0.18971,0.95357,0.65004,0.82336,0.52402,0.26275
0.49501,0.20604,0.67853,0.080714,0.69223,0.16868
0.14761,0.76824,0.25362,0.54119,0.46233,0.17958
0.054974,0.61553,0.84318,0.44376,0.45218,0.12743
0.85071,0.91892,0.29396,0.76531,0.98852,0.44654
0.56056,0.60254,0.02686,0.56107,0.7166,0.30843
0.92961,0.70214,0.093307,0.87598,1.1193,0.49788
0.69667,0.74367,0.79788,0.57483,1.0758,0.35271
0.58279,0.3851,0.7114,0.37248,1.0391,0.26796
0.8154,0.2515,0.78341,0.23296,1.0569,0.30286
0.87901,0.03676,0.62392,0.31754,0.98909,0.34309
0.98891,0.47212,0.82542,0.44767,1.3606,0.40859
0.00052238,0.64507,0.035023,0.35296,-0.045994,0.088397
0.86544,0.27897,0.40547,0.54835,0.90562,0.39672
0.61257,0.51786,0.24967,0.58763,0.63713,0.33068
0.98995,0.24567,0.4809,0.33894,1.2312,0.38172
0.52768,0.29751,0.88084,0.43588,0.92642,0.26727
0.47952,0.65047,0.28068,0.49629,0.65642,0.26793
0.80135,0.89139,0.59914,0.81709,1.1958,0.44468
0.22784,0.86111,0.026226,0.82595,0.46636,0.27484
0.49809,0.20992,0.1552,0.49298,0.51981,0.27267
0.90085,0.39909,0.83391,0.45228,1.0693,0.38333
0.57466,0.88788,0.19489,0.74442,0.57944,0.3585
0.84518,0.25653,0.82979,0.48964,1.1375,0.37596
0.73864,0.9668,0.33807,0.90284,1.1376,0.4473
0.58599,0.61916,0.67112,0.54422,0.92592,0.31185
0.24673,0.16535,0.052366,0.15317,0.35806,0.11231
0.66642,0.8262,0.73431,0.65002,1.198,0.36243
0.083483,0.65569,0.49948,0.23954,0.22075,0.084931
0.62596,0.54645,0.9433,0.51241,0.97824,0.31589
0.66094,0.25133,0.28977,0.21635,0.81736,0.25237
0.72975,0.040156,0.37656,0.18695,0.71509,0.26566
0.89075,0.23338,0.11376,0.62821,1.1268,0.42428
0.9823,0.36111,0.96485,0.49452,1.4698,0.41832
0.76903,0.63346,0.43251,0.77396,0.86057,0.4242
0.58145,0.9861,0.084563,0.70484,0.74143,0.35064
0.92831,0.20716,0.71668,0.5005,1.1945,0.40362
0.58009,0.75708,0.50679,0.49248,0.86875,0.29715
0.016983,0.88633,0.32809,0.57896,0.334,0.14983
0.12086,0.47223,0.75352,0.38041,0.42658,0.13136
0.86271,0.15891,0.83601,0.38575,1.0459,0.35525
0.4843,0.81092,0.25372,0.66007,0.65088,0.31031
0.84486,0.47651,0.53443,0.42702,0.85089,0.36021
0.20941,0.11629,0.43517,0.0096592,0.34548,0.065236
0.55229,0.87572,0.1577,0.66135,0.77282,0.33102
0.62988,0.63519,0.60048,0.48748,0.86947,0.31084
0.031991,0.097281,0.93745,0.01624,0.29284,0.013657
0.61471,0.90844,0.10776,0.67636,0.91172,0.35351
0.36241,0.035016,0.89998,0.23862,0.78544,0.16838
0.049533,0.03975,0.55046,0.066405,0.099867,0.031461
0.48957,0.98857,0.42736,0.82297,0.62465,0.35261
0.19251,0.68618,0.15238,0.43083,0.39639,0.16546
0.12308,0.37669,0.24755,0.3146,0.23683,0.11558
0.20549,0.50432,0.44737,0.42662,0.34001,0.1683
0.14651,0.7635,0.53278,0.4622,0.40218,0.1595
0.18907,0.048875,0.35465,-0.038414,0.30958,0.047118
0.042652,0.72593,0.77311,0.3108,0.34401,0.090496
0.6352,0.70133,0.88168,0.72298,1.1999,0.3713
0.28187,0.45889,0.73409,0.2813,0.5742,0.15488
0.5386,0.58229,0.40643,0.53528,0.59584,0.2954
0.69516,0.33909,0.60418,0.41268,0.81483,0.31172
0.49912,0.17063,0.64111,0.24993,0.8198,0.21222
0.5358,0.39919,0.12747,0.34158,0.50919,0.24614
0.44518,0.91978,0.49619,0.71411,0.60682,0.31208
0.12393,0.22605,0.31047,0.154,0.28818,0.07568
0.49036,0.36101,0.57857,0.50303,0.68225,0.27286
0.853,0.32456,0.94361,0.31833,1.4506,0.33548
0.87393,0.083582,0.42694,0.25473,0.92144,0.32586
0.27029,0.51267,0.033128,0.52283,0.3871,0.21179
0.20846,0.83286,0.92943,0.66057,0.6908,0.22768
0.56498,0.90461,0.92498,0.64756,1.1141,0.33138
0.64031,0.7236,0.35831,0.73144,0.63741,0.37495
0.41703,0.383,0.25999,0.094511,0.49837,0.14874
0.20598,0.29802,0.78686,0.20489,0.54771,0.11301
0.94793,0.69171,0.51158,0.86412,1.1477,0.50041
0.082071,0.88046,0.56253,0.66907,0.32772,0.19189
0.10571,0.92455,0.68479,0.73428,0.46683,0.21528
0.14204,0.081253,0.092397,0.081467,-0.062149,0.062979
0.16646,0.48267,0.87258,0.33181,0.6418,0.13289
0.62096,0.12827,0.94294,0.31205,1.0141,0.2643
0.57371,0.25291,0.096594,0.54711,0.64529,0.30889
0.052078,0.88396,0.84588,0.58727,0.56003,0.16244
0.9312,0.19628,0.9094,0.50997,1.2984,0.40685
0.72866,0.12135,0.011341,0.21076,0.87349,0.27129
0.73784,0.54369,0.52368,0.51117,0.79477,0.34914
0.063405,0.31462,0.65035,0.29487,0.24491,0.092738
0.86044,0.38204,0.38515,0.38469,1.0574,0.35431
0.93441,0.79154,0.6493,0.86608,1.2269,0.49684
0.9844,0.83918,0.76285,0.64841,1.4223,0.45742
0.85894,0.68024,0.57569,0.43522,0.92206,0.36649
0.78556,0.41692,0.63192,0.464,1.0149,0.35167
0.51338,0.64289,0.2782,0.5984,0.73534,0.30361
0.1776,0.21408,0.83984,0.31752,0.24489,0.13266
0.39859,0.61727,0.42683,0.53136,0.5241,0.25242
0.13393,0.67519,0.63162,0.58806,0.25937,0.18719
0.03089,0.60102,0.83347,0.44047,0.27798,0.11939
0.93914,0.34631,0.27019,0.53823,1.0516,0.4163
0.30131,0.3644,0.4008,0.22624,0.50115,0.14695
0.29553,0.17148,0.55425,0.18285,0.40335,0.13437
0.33294,0.79536,0.44387,0.5643,0.48634,0.24096
0.46707,0.49267,0.090384,0.42808,0.6991,0.24714
0.6482,0.35462,0.74438,0.63286,0.88638,0.35267
0.025228,0.77506,0.032615,0.39293,0.18386,0.1058
0.84221,0.2368,0.42974,0.375,0.8925,0.34641
0.55903,0.84483,0.037262,0.68215,0.75307,0.33825
0.8541,0.81653,0.9758,0.8067,1.2461,0.45791
0.34788,0.84623,0.52234,0.84167,0.60239,0.31478
0.44603,0.37019,0.90963,0.45447,0.71583,0.24742
0.054239,0.38323,0.38325,0.20846,0.1232,0.068388
0.17711,0.86133,0.88445,0.48661,0.70734,0.17478
0.66281,0.46391,0.25502,0.56596,0.9278,0.34033
0.33083,0.57055,0.90905,0.37147,0.68128,0.19212
0.89849,0.69531,0.89456,0.6259,1.3686,0.42602
0.11816,0.96092,0.39852,0.7295,0.32065,0.21782
0.98842,0.54631,0.62502,0.46635,1.2133,0.41311
0.53998,0.63658,0.5676,0.72349,1.0282,0.34287
0.70692,0.57089,0.89451,0.57522,1.1103,0.35588
0.99949,0.92711,0.21417,0.8569,1.1301,0.51407
0.28785,0.86377,0.0038592,0.74011,0.5373,0.27138
0.41452,0.16984,0.88058,0.29974,0.82294,0.19929
0.46484,0.1787,0.23512,0.21281,0.34117,0.19265
0.76396,0.2435,0.24486,0.46681,0.73579,0.34589
0.8182,0.75178,0.64092,0.75249,1.0507,0.43358
0.10022,0.19913,0.30452,0.27047,0.11988,0.097683
0.17812,0.98294,0.82562,0.73928,0.6545,0.23825
0.35963,0.70964,0.88369,0.55335,0.71668,0.24623
0.056705,0.17544,0.94537,0.30835,0.4637,0.094098
0.52189,0.8583,0.3908,0.63579,0.77738,0.31551
0.33585,0.90941,0.80132,0.76567,0.67384,0.29217
0.17567,0.96166,0.15711,0.90009,0.40809,0.27772
0.20895,0.5706,0.62517,0.39891,0.31821,0.16241
0.90515,0.56288,0.69899,0.67251,1.2464,0.43967
0.67539,0.17666,0.085869,0.32093,0.6632,0.28285
0.46847,0.51368,0.53118,0.43159,0.7061,0.24844
0.91213,0.54847,0.88857,0.60064,1.1888,0.4238
0.10401,0.16528,0.26367,0.20017,0.21547,0.081246
0.74555,0.49389,0.23479,0.75508,0.78876,0.41243
0.73627,0.53512,0.83966,0.63659,1.0683,0.38003
0.56186,0.19881,0.49554,0.25125,0.64082,0.23137
0.18419,0.62317,0.15237,0.27249,0.33827,0.12338
0.59721,0.026315,0.23077,0.1921,0.79892,0.22719
0.29994,0.31879,0.65795,0.31786,0.58303,0.16945
0.13412,0.533,0.56295,0.31682,0.32065,0.11944
0.2126,0.32677,0.29183,0.37629,0.19327,0.15785
0.89494,0.60219,0.6223,0.67231,1.1308,0.43656
0.071453,0.36193,0.71591,0.32267,0.2029,0.1021
0.24249,0.13492,0.28073,0.10375,0.26892,0.098683
0.053754,0.91381,0.41227,0.56645,0.38296,0.15774
0.44172,0.64056,0.36221,0.49927,0.56751,0.25733
0.013283,0.65877,0.78139,0.34023,0.46359,0.089042
0.89719,0.67533,0.13549,0.63127,0.94593,0.42697
0.19666,0.74456,0.90207,0.62815,0.67678,0.21603
0.093371,0.84218,0.28964,0.37049,0.30178,0.12063
0.30737,0.51666,0.49956,0.25097,0.32056,0.15495
0.45606,0.15187,0.78359,0.21994,0.65409,0.1918
0.10167,0.38066,0.67706,0.31712,0.41451,0.10978
0.99539,0.82102,0.14981,0.71226,1.0254,0.47668
0.33209,0.17136,0.69662,0.2532,0.51675,0.16293
0.29735,0.32998,0.12901,0.42462,0.22836,0.19536
0.062045,0.96647,0.94595,0.74109,0.50883,0.20389
0.29824,0.80629,0.88641,0.4665,0.65041,0.2061
0.046351,0.22219,0.515,0.089619,0.24463,0.03631
0.50543,0.99977,0.67941,0.72082,0.89063,0.33183
0.76143,0.063739,0.97679,0.19982,1.1813,0.27838
0.63107,0.42548,0.12546,0.37997,0.61805,0.28431
0.089892,0.40434,0.75224,0.21326,0.33647,0.080283
0.080862,0.40029,0.82705,0.48341,0.47021,0.14511
0.77724,0.11192,0.78143,0.23712,0.89525,0.29245
0.90513,0.42431,0.19088,0.49957,0.87987,0.39643
0.53377,0.61355,0.42864,0.57929,0.78461,0.30495
0.10915,0.98806,0.014457,0.52595,0.47393,0.16423
0.82581,0.2199,0.32529,0.24182,0.79149,0.3082
0.3381,0.35408,0.1347,0.37229,0.41436,0.1945
0.29397,0.26624,0.45052,0.28968,0.26465,0.16061
0.74631,0.2915,0.57227,0.2687,0.96008,0.29107
0.010337,0.18839,0.79202,0.24325,0.28167,0.063915
0.048447,0.02286,0.41974,0.020982,0.017644,0.01978
0.66792,0.4494,0.53254,0.48674,0.87264,0.32206
0.60347,0.24364,0.9257,0.32747,1.0846,0.26291
0.5261,0.86873,0.89908,0.66726,0.98462,0.32465
0.72971,0.52861,0.54483,0.35875,0.81447,0.3086
0.70725,0.91414,0.90112,0.78534,1.0874,0.40851
0.78138,0.97393,0.051827,0.70112,0.84797,0.40969
0.28798,0.58543,0.8086,0.45362,0.6579,0.1998
0.69253,0.11898,0.3349,0.27477,0.77417,0.27645
0.55667,0.92653,0.22868,0.78901,0.67092,0.36425
0.39652,0.59356,0.8224,0.36412,0.81292,0.20999
0.061591,0.88362,0.34823,0.65292,0.15969,0.18171
0.78018,0.42448,0.16547,0.36264,0.9759,0.32471
0.33758,0.60726,0.028134,0.5225,0.19888,0.2319
0.60787,0.070764,0.95537,0.26041,0.94658,0.24746
0.74125,0.92477,0.68029,0.974,1.1727,0.46588
0.10481,0.64208,0.86056,0.25774,0.48472,0.095878
0.12789,0.1045,0.93909,0.18596,0.48774,0.084856
0.54954,0.70023,0.68019,0.59732,0.78182,0.31419
0.48523,0.3958,0.91742,0.38292,1.0498,0.2413
0.89048,0.084905,0.25669,0.22411,0.87224,0.32317
0.79896,0.21448,0.88562,0.369,1.1917,0.33194
0.73434,0.2488,0.92004,0.32691,1.2064,0.30203
0.051332,0.22665,0.30006,0.10508,0.063646,0.04167
0.072885,0.703,0.073391,0.4424,0.31875,0.13247
0.088527,0.75415,0.7674,0.59658,0.48223,0.1757
0.79835,0.54729,0.084952,0.62091,0.71236,0.39473
0.94301,0.55348,0.72876,0.72218,1.1696,0.46345
0.68372,0.63057,0.44789,0.63601,0.82896,0.36412
0.13208,0.98546,0.65125,0.68854,0.55975,0.21176
0.72272,0.63428,0.1695,0.49815,0.88595,0.34136
0.11035,0.60046,0.53145,0.46738,0.36514,0.14995
0.11749,0.90919,0.6338,0.61696,0.2988,0.18949
0.64072,0.57084,0.014096,0.5705,0.55339,0.33484
0.32881,0.33542,0.47037,0.39775,0.57437,0.19808
0.65381,0.95714,0.88633,0.76502,1.2336,0.3874
0.74913,0.43992,0.11403,0.4382,0.83426,0.33429
0.58319,0.60154,0.44254,0.52893,0.88851,0.30719
0.74003,0.72026,0.65955,0.69605,1.2025,0.39602
0.23483,0.67878,0.29477,0.72397,0.2845,0.25144
0.73496,0.21276,0.95037,0.24113,1.1095,0.28077
0.9706,0.081623,0.69429,0.43215,1.2079,0.39922
0.86693,0.27448,0.20681,0.38184,0.91114,0.35554
0.086235,0.86752,0.55476,0.70126,0.38014,0.20119
0.36644,0.55936,0.87928,0.47794,0.75768,0.22942
0.3692,0.46463,0.55786,0.35483,0.64551,0.19947
0.68503,0.4303,0.75233,0.43794,0.67359,0.31499
0.59794,0.77399,0.8949,0.77168,1.0375,0.3723
0.78936,0.65392,0.84184,0.76869,1.1333,0.42898
0.36765,0.65773,0.13086,0.63527,0.41415,0.26911
0.20603,0.16102,0.18915,0.10463,0.23993,0.087965
0.086667,0.43238,0.15364,0.1868,0.18692,0.0727
0.77193,0.50509,0.028902,0.57653,0.7948,0.37571
0.20567,0.37533,0.0090849,0.35944,0.2357,0.15156
0.38827,0.48037,0.59645,0.17247,0.41173,0.1596
0.55178,0.34242,0.60905,0.37321,0.61218,0.25884
0.22895,0.77715,0.91892,0.79525,0.65018,0.2675
0.64194,0.38394,0.73357,0.40272,0.86964,0.29326
0.48448,0.71156,0.30115,0.54056,0.51532,0.28048
0.15185,0.48093,0.49557,0.26422,0.17828,0.11161
0.78193,0.72918,0.25816,0.51023,0.97622,0.36214
0.10061,0.93756,0.73285,0.61375,0.50472,0.18362
0.29407,0.51725,0.11676,0.45539,0.49072,0.20207
0.23737,0.90307,0.74604,0.57504,0.67768,0.21497
0.53087,0.21819,0.80979,0.30644,0.68613,0.23587
0.091499,0.87322,0.74523,0.69546,0.24429,0.20131
0.40532,0.082693,0.33714,0.09823,0.46607,0.14615
0.10485,0.4654,0.58432,0.39191,0.26203,0.12943
0.11228,0.02193,0.46895,0.099532,0.2558,0.058568
0.78443,0.80828,0.087265,0.74146,1.0095,0.42069
0.29157,0.17921,0.82872,0.3904,0.55268,0.18507
0.60353,0.16539,0.68594,0.13613,0.81209,0.21509
0.96442,0.1816,0.26733,0.3921,0.92747,0.38735
0.43248,0.69144,0.96948,0.48562,1.0242,0.25115
0.69475,0.21376,0.18377,0.24687,0.72259,0.27014
0.7581,0.2981,0.29994,0.43633,0.7586,0.33651
0.43264,0.76834,0.41118,0.73992,0.57259,0.31477
0.6555,0.50115,0.23649,0.52167,0.90993,0.32707
0.10976,0.90946,0.19506,0.77636,0.34119,0.22702
0.93376,0.057853,0.70538,0.17977,1.1755,0.32507
0.18746,0.43675,0.18055,0.37767,0.27234,0.15066
0.26618,0.57225,0.52233,0.40259,0.48624,0.1805
0.79783,0.56507,0.29617,0.50797,0.944,0.36634
0.4876,0.82382,0.46278,0.41894,0.70964,0.25102
0.76896,0.1261,0.92523,0.354,1.2857,0.31919
0.39601,0.30012,0.21589,0.49057,0.40872,0.24144
0.27294,0.002122,0.0010089,0.11964,0.1886,0.11179
0.037235,0.95111,0.90661,0.79369,0.50565,0.20959
0.67329,0.7663,0.68004,0.69531,1.094,0.37581
0.42956,0.7513,0.51495,0.49524,0.72668,0.25268
0.45174,0.13886,0.52207,0.12012,0.68181,0.16555
0.60986,0.34932,0.10292,0.30973,0.61708,0.26039
0.059403,0.15134,0.99688,0.228,0.47659,0.074821
0.31581,0.49672,0.35897,0.36869,0.23527,0.18692
0.77272,0.80865,0.62524,0.75221,1.1544,0.41987
0.69643,0.63287,0.39337,0.47114,0.82768,0.32672
0.12533,0.6884,0.0076624,0.48114,0.22574,0.15788
0.13015,0.63957,0.54528,0.30486,0.43225,0.11526
0.092352,0.72932,0.50911,0.44878,0.27507,0.1399
0.0078203,0.85985,0.24678,0.6626,0.22313,0.168
0.42311,0.62696,0.045395,0.70307,0.43076,0.3027
0.65557,0.18059,0.84173,0.33524,0.89232,0.28048
0.72292,0.57331,0.04825,0.5803,0.84376,0.36195
0.53121,0.16357,0.31632,0.35135,0.55541,0.2472
0.10882,0.90605,0.78342,0.71612,0.36194,0.21168
0.63177,0.077343,0.9724,-0.034352,0.9574,0.18094
0.1265,0.33853,0.58646,0.082672,0.57795,0.058618
0.1343,0.58062,0.77804,0.34506,0.49315,0.12656
0.098594,0.47524,0.7277,0.26045,0.37709,0.09469
0.14203,0.80532,0.65099,0.4231,0.40035,0.14838
0.16825,0.53078,0.66462,0.33517,0.21934,0.13427
0.19625,0.22731,0.93878,0.11052,0.57267,0.086504
0.31748,0.70948,0.53508,0.67184,0.22478,0.2632
0.31643,0.14863,0.39844,0.11918,0.29201,0.12472
0.21756,0.65812,0.67046,0.37431,0.33848,0.15885
0.25104,0.63398,0.44053,0.45224,0.38773,0.18837
0.89292,0.22931,0.13287,0.31066,1.0179,0.34554
0.70322,0.18223,0.4392,0.32594,0.83862,0.29245
0.55574,0.16635,0.54764,0.22893,0.63687,0.22395
0.18443,0.14961,0.39514,-0.00071045,0.088709,0.055152
0.21203,0.20275,0.39827,0.24891,0.23038,0.12584
0.077347,0.95496,0.75135,0.63231,0.36699,0.18128
0.9138,0.015908,0.52235,0.17926,1.0659,0.31896
0.70672,0.95751,0.49043,0.74261,0.92773,0.39767
0.55779,0.025692,0.088679,0.23631,0.70274,0.22641
0.31343,0.97111,0.25085,0.72782,0.51547,0.27598
0.1662,0.2976,0.44756,0.088635,0.11215,0.07202
0.6225,0.52507,0.63796,0.72975,0.84836,0.36919
0.98793,0.86234,0.70945,0.7992,1.4097,0.49618
0.17043,0.8964,0.99262,0.67927,0.67566,0.22095
0.25779,0.18901,0.93219,0.22846,0.67431,0.13445
0.3968,0.66072,0.092229,0.41784,0.52144,0.2235
0.073995,0.94123,0.95354,0.78065,0.65332,0.21736
0.6841,0.97571,0.1628,0.85962,0.85244,0.42013
0.40239,0.10794,0.97046,0.18836,0.76867,0.16781
0.98284,0.1789,0.59701,0.50242,1.1184,0.42046
0.40218,0.74655,0.24023,0.62411,0.52389,0.27668
0.62067,0.049469,0.070295,0.016578,0.47756,0.19035
0.15437,0.071285,0.30004,0.08546,0.18957,0.067676
0.38135,0.48913,0.81354,0.54464,0.57489,0.25056
0.16113,0.84989,0.07671,0.73947,0.32075,0.23321
0.75811,0.99704,0.35447,0.89398,0.89055,0.45093
0.87111,0.0043926,0.13201,0.051417,1.0144,0.27419
0.35078,0.54261,0.15818,0.56631,0.50177,0.24681
0.68554,0.86135,0.062147,0.75136,0.78155,0.3935
0.29415,0.90914,0.70184,0.71094,0.86295,0.26598
0.53063,0.84535,0.086482,0.83562,0.79048,0.36809
0.83242,0.87887,0.61679,0.84602,1.2244,0.46123
0.59749,0.74618,0.17377,0.28456,0.51365,0.25039
0.33531,0.11749,0.6514,-0.002653,0.38123,0.09993
0.29923,0.50902,0.4987,0.33814,0.3803,0.1743
0.45259,0.16883,0.28451,0.098824,0.4579,0.16048
0.42265,0.83111,0.83056,0.68616,0.70557,0.29833
0.35961,0.92801,0.81836,0.73614,0.86524,0.29192
0.55832,0.16948,0.93817,0.18552,0.86386,0.21388
0.74255,0.88374,0.0003261,0.90352,0.88221,0.44864
0.42433,0.38786,0.64039,0.29102,0.56361,0.20006
0.42936,0.38257,0.0073557,0.33293,0.44982,0.21204
0.12487,0.27145,0.10642,0.14907,0.28136,0.074729
0.024434,0.86788,0.10679,0.50662,-0.0034069,0.13399
0.29019,0.7415,0.36711,0.58223,0.35791,0.23261
0.31752,0.44787,0.23961,0.24452,0.33351,0.15639
0.65369,0.70964,0.34614,0.61476,0.85781,0.3498
0.95694,0.94433,0.24962,0.96441,1.0579,0.52818
0.93573,0.17412,0.38706,0.43371,0.94924,0.38915
0.45789,0.2446,0.42104,0.086189,0.61111,0.15891
0.24048,0.64093,0.64008,0.53662,0.36372,0.2063
0.7639,0.80861,0.78755,0.69503,1.2475,0.40293
0.75933,0.85337,0.26999,0.81518,0.96835,0.43159
0.74065,0.39812,0.84398,0.47309,1.1143,0.34047
0.74369,0.11549,0.74047,0.23285,0.96418,0.28132
0.10592,0.080281,0.8261,0.07974,0.28044,0.051711
0.68156,0.36047,0.18219,0.4763,0.56087,0.32354
0.46326,0.82891,0.065436,0.75207,0.61773,0.327
0.21216,0.21461,0.61035,0.12401,0.44194,0.094651
0.098519,0.79104,0.70155,0.4298,0.49296,0.13701
0.82357,0.65469,0.11162,0.60918,0.90568,0.39937
0.17501,0.026146,0.095824,0.16353,0.34363,0.093386
0.16357,0.78578,0.59783,0.6095,0.44852,0.20145
0.66599,0.92256,0.81223,0.83324,1.0598,0.40811
0.89439,0.49231,0.81458,0.51412,1.2188,0.39685
0.51656,0.83401,0.089437,0.6197,0.59728,0.30989
0.7027,0.13135,0.73128,0.4727,0.98881,0.32899
0.15359,0.75978,0.90386,0.54453,0.7515,0.18221
0.95346,0.92574,0.45223,0.86454,1.3107,0.50217
0.54088,0.83271,0.070688,0.67409,0.70639,0.33079
0.67973,0.2594,0.24128,0.3533,0.5804,0.29224
0.036563,0.21302,0.73187,0.12204,0.19622,0.04148
0.8092,0.52231,0.040492,0.45305,0.90473,0.35602
0.74862,0.39736,0.42452,0.50665,0.84463,0.35125
0.12019,0.47911,0.54022,0.49982,0.42107,0.16101
0.52505,0.9939,0.95383,0.8256,1.1526,0.36391
0.32583,0.60448,0.20891,0.41809,0.273,0.20227
0.54645,0.94491,0.11633,0.78479,0.79373,0.36013
0.39888,0.49044,0.64622,0.53525,0.68089,0.25348
0.41509,0.43795,0.10841,0.57989,0.63322,0.2695
0.18074,0.77266,0.9835,0.43007,0.69558,0.16174
0.25539,0.74407,0.24834,0.58121,0.41709,0.22192
0.020536,0.4429,0.60636,0.26298,0.049295,0.071906
0.92368,0.053,0.8167,0.32142,1.145,0.35746
0.6537,0.087822,0.83005,0.24004,0.78148,0.25612
0.93261,0.79799,0.48904,0.71692,1.1408,0.45901
0.16351,0.65558,0.76073,0.30596,0.40301,0.12554
0.9211,0.032336,0.91511,0.13084,1.1275,0.30904
0.79466,0.55707,0.90097,0.51683,1.181,0.3676
0.57739,0.7198,0.21424,0.60644,0.61531,0.32483
0.44004,0.11041,0.54706,0.30266,0.68896,0.20768
0.25761,0.21665,0.78471,0.15227,0.73605,0.11535
0.75195,0.81102,0.19444,0.77668,0.91389,0.41975
0.22867,0.13866,0.74689,0.24204,0.48388,0.12911
0.064187,0.8819,0.47556,0.6389,0.11436,0.17898
0.76733,0.92356,0.58326,0.82833,1.2237,0.43728
0.6712,0.012756,0.26055,0.11542,0.63601,0.23022
0.71521,0.37716,0.084822,0.5194,0.78563,0.34441
0.64206,0.16781,0.29813,0.43749,0.66312,0.30199
0.41905,0.54022,0.91713,0.51967,0.84822,0.25563
0.39076,0.10166,0.47052,0.19755,0.47274,0.16662
0.81614,0.039268,0.26947,0.25427,0.85856,0.30841
0.31743,0.93323,0.76297,0.81736,0.61806,0.29957
0.81454,0.97159,0.77217,0.83123,1.2551,0.45217
0.78907,0.36093,0.0213,0.39148,0.66647,0.33459
0.85226,0.64421,0.87999,0.70431,1.2342,0.43176
0.50564,0.067947,0.79817,0.14197,0.77965,0.18718
0.63566,0.20791,0.32417,0.38948,0.6585,0.28807
0.95089,0.039604,0.66904,0.11827,1.1628,0.31484
0.44396,0.46936,0.29629,0.56279,0.61164,0.27389
0.060019,0.1501,0.92995,0.044009,0.25105,0.029008
0.86675,0.99131,0.28196,0.91463,0.94955,0.48868
